{
  "estimate": 8.397721994972319,
  "std_error": 0.030011333952232884,
  "ci": [
    8.338900861250515,
    8.456543128694122
  ],
  "n": 200000,
  "std": 13.421476562528031,
  "elapsed_sec": 0.0
}